Image,SSIM btw Original and Blur,SSIM btw Original and Deblurred,SSIM btw Blur and Deblurred,PSNR btw Original and Blur,PSNR btw Original and Deblurred,PSNR btw Blur and Deblurred
241_HONOR-7X_S.jpg,0.6869581475777903,0.7006009440725277,0.8687323171433267,76.95227444002228,76.24244883920241,77.59443034679391
92_IPHONE-7_S.jpeg,0.9114865404963449,0.8659171709752259,0.9192397023427201,82.84789328978293,80.52577433557282,81.91774508235412
69_SAMSUNG-GALAXY-J3_S.jpg,0.822991468747818,0.8326125907568572,0.8947860838299677,78.05800377225451,77.41344748071238,78.27591994319226
310_XIAOMI-PROCOFONE-F1_S.jpg,0.7809807632457916,0.7587991887478452,0.8619079296347026,78.30449179989286,77.29390558990157,78.55590341134037
23_HUAWEI-P20_S.jpg,0.5375272531043983,0.5951365529767871,0.8751550847530253,75.28892655138782,75.28393998569959,77.25702605927685
347_XIAOMI-PROCOFONE-F1_S.jpg,0.8003024667923051,0.8082549312917183,0.8955104245752844,77.81711928412638,77.3113955425143,78.52765004303618
59_IPHONE-6S_S.jpg,0.5086932217396668,0.5426506290303718,0.8618159344935737,75.22125411487104,75.13030546219606,78.05317082803633
304_SAMSUNG-GALAXY-J7_S.jpg,0.8816968470586298,0.8573422025332572,0.8742852934977868,80.63922978707673,79.05869226126245,79.81414124444136
35_IPHONE-6S_S.jpeg,0.7483245350620712,0.7492104758689965,0.8807812535781155,77.55909600206996,77.1532202301625,79.23754370711056
267_SONY-NEX-5T_S.JPG,0.82124651350262,0.7878660811605878,0.8977156182221918,79.94344986136338,78.69749377789859,81.33562474319218
168_CANON-6D-100MM_S.JPG,0.9166559205971766,0.8784719920864257,0.9171595539414544,81.6829213672828,79.97531557964243,80.89652321807594
211_SAMSUNG-GALAXY-7-NEO_S.jpg,0.9091167570985235,0.8373288249911403,0.8777933035250123,81.4556267697054,78.80179350277075,79.58268187904302
251_IPHONE-6S_S.jpeg,0.7998270667713201,0.7823172973013849,0.8510901174971278,78.47138173085743,77.37867607245592,78.5463375374163
213_ONEPLUS-3T_S.jpg,0.5437274596012067,0.5248492011939178,0.8380648297219788,77.43803244743123,76.89308895056027,80.29424816460704
256_SAMSUNG-GALAXY-GRAND-PRIME_S.jpg,0.8237570565880784,0.8210451318433506,0.8983872000439703,78.46843936439411,77.91260134850165,79.7107017160067
135_NIKON-D3400-18-55MM_S.JPG,0.7891224165296361,0.7932016043043358,0.9034984823062691,77.88893450098548,77.2613357986088,79.18293930334207
52_HONOR-8X_S.jpg,0.8773509789150665,0.8423105749007481,0.9136570588626031,80.97050796506053,79.42494941626467,80.97083181988779
16_IPHONE-7_S.jpeg,0.8906495830161519,0.8484565031154506,0.8993442856654715,82.63915032262605,80.19602888794554,81.55882167730141
150_NIKON-D3400-18-55MM_S.JPG,0.6386023809745466,0.6664672987250987,0.8798323004077296,75.64529307950819,75.42518201632848,77.36249354352583
206_IPHONE-7_S.jpg,0.8170417568011815,0.8021225957547533,0.8867562078276734,78.59364779529962,77.59823671373896,78.61363296556877
30_HONOR-8X_S.jpg,0.7884121723496541,0.7701099749850661,0.9180297758620112,78.30880381333645,77.6321407168503,80.74122870628779
140_SAMSUNG-GALAXY-J5_S.jpg,0.8318859290313614,0.7911072695626561,0.8806579956197758,78.87325720637544,77.69990360234272,79.27007883052374
264_IPHONE-7_S.jpeg,0.7463520016953189,0.7611882732200449,0.8875421563851665,76.68727255706459,76.31335125835851,77.83935510453131
345_XIAOMI-PROCOFONE-F1_S.jpg,0.7921299888490076,0.7472805555454544,0.8355257390061442,79.5691348729928,78.2038009296655,79.8404898588598
174_HUAWEI-P20_S.jpg,0.846757312144101,0.8248433226398424,0.8925628160535006,78.73199333799866,77.63733296263581,78.49624974344378
122_HONOR-7X_S.jpg,0.6307619803104779,0.663765357727577,0.9038496528191461,76.05815121946853,76.01965339057618,79.18444823030254
314_IPHONE-5S_S.jpeg,0.8447853528670707,0.8188577120284473,0.8923311639478834,79.00673713459457,77.94334508129141,78.96223281167471
108_XIAOMI-MI8-SE_S.jpg,0.8409002899633827,0.8431582564547329,0.9151505211862497,78.5624194057438,78.04793382874033,79.18052079622579
184_HONOR-10_S.jpg,0.6935269126889141,0.6977769015151379,0.897175380059533,76.81636131211698,76.40389045679183,78.75023883949191
276_NIKON-D3400-18-55MM_S.JPG,0.7117331306456279,0.7223241824845799,0.8694935231624311,75.763246120301,75.47018575467195,76.90217607183071
4_XIAOMI-PROCOFONE-F1_S.jpg,0.8313871086499383,0.8287720939011779,0.907207376218028,78.69093401502826,78.01703210162782,79.48368266313666
25_HUAWEI-Y9_S.jpg,0.6648367040436255,0.6631425756678402,0.8957391887970982,77.12834499935622,76.58004875028715,78.92849448816223
11_XIAOMI-MI8-SE_S.jpg,0.8431963825363212,0.8234361890079968,0.8897447864259035,79.27867667052854,78.35462395219218,79.46933188594778
207_SAMSUNG-GALAXY-J7_S.jpg,0.756474620208631,0.7460680577496404,0.8860140333802344,77.58479592740719,76.99311072001812,78.86872238114849
39_XIAOMI-MI8-LITE_S.jpg,0.720089091359737,0.7366920093725146,0.8522856677426024,76.71917012180623,76.28493375899495,77.55075538268885
14_IPHONE-7_S.jpeg,0.7494616069383545,0.7441542108012498,0.9115497366842296,78.5439995545879,78.01517418927132,81.84973452207261
138_NIKON-D3400-35MM_S.JPG,0.7680877950868137,0.7449777208922272,0.880350320129048,78.44987725969004,77.49637326523052,79.20699633509766
127_IPHONE-8_S.jpeg,0.8668513353386741,0.8243757153459295,0.9056667086898017,81.31756842898224,79.73777558582255,81.79703170927317
288_XIAOMI-REDMI-NOTE-7_S.jpg,0.4153131761475466,0.38389741656892956,0.8857129987789955,75.56072619037703,75.15412096021235,79.84161674606364
63_HUAWEI-P20_S.jpg,0.8221799808299557,0.7828880604852225,0.8752559997028954,79.6336485200614,78.39966407456464,79.87791819025794
201_IPHONE-SE_S.jpg,0.8827036242495868,0.8535924759070639,0.9014064168487402,79.84225876058895,78.56566748253582,79.1597183039152
176_HONOR-7X_S.jpg,0.8284986819677993,0.7973854586197673,0.8699106017410269,78.55658473564874,77.37413880779644,78.20365391880526
89_IPHONE-6S_S.jpeg,0.879347697602639,0.8544732457008237,0.9105496823730022,79.53542843456808,78.44241084676669,79.83574357135863
104_IPHONE-SE_S.jpg,0.8075605926747342,0.78272926330928,0.8895420205445164,79.06863982734833,78.03926376961081,79.90959901056594
324_ASUS-ZENFONE-LIVE-ZB501KL_S.jpg,0.7734093650864343,0.7748029982612789,0.8961336901255962,77.06541417217785,76.66203635687238,78.65253499000906
237_SAMSUNG-GALAXY-J5_S.jpg,0.7423578951749267,0.8066582104813932,0.8502039274475587,76.23142761707203,76.51953094232908,77.14248770228282
151_NIKON-D3400-35MM_S.JPG,0.5496945535934871,0.6083168447275564,0.871493787814348,74.51801608669469,74.54211868156665,76.25418492852451
44_SONY-XPERIA-E5_S.jpg,0.47139615227935056,0.524145726716049,0.9055857378277524,74.43576023828298,74.51203289959491,77.44675368918935
166_XIAOMI-MI8-SE_S.jpg,0.8129751040607097,0.8035748655251226,0.9045411660146057,78.66185285495042,78.0101944064812,79.98325246532153
76_HONOR-8X_S.jpg,0.5970847770747932,0.5772661316729853,0.8838358419416608,76.62152942019259,76.06101331068102,79.28384336231454
8_SAMSUNG-GALAXY-A6_S.jpg,0.6213086693523037,0.6389556173896241,0.8904698111803749,76.61818218744499,76.52580608442854,79.61593917971423
102_NIKON-D3400-35MM_S.JPG,0.8812395848191912,0.8275299036497133,0.8884779661367448,81.52618429714524,80.03440462841759,81.67349194643725
198_HUAWEI-P20-LITE_S.jpg,0.8618000375399957,0.8562085583096252,0.9078018972966518,79.22187048820112,78.5074291525715,79.39346455202703
199_CANON-6D-100MM_S.JPG,0.8177132565169783,0.804780718572076,0.8726844962601358,78.34063703558526,77.64229102968284,78.6939725698417
316_IPHONE-7_S.jpeg,0.6313942847447197,0.633519221327505,0.8694387499908595,77.0051161542032,76.49732111968554,79.20861010633539
41_XIAOMI-PROCOFONE-F1_S.jpg,0.8149758331226141,0.7897124445134907,0.8794768323762484,79.62820652412107,78.61784395365885,80.66008874409924
141_NIKON-D3400-18-55MM_S.JPG,0.7658397911041686,0.7656776784781368,0.8976925048506327,77.59234837067397,77.05771697021662,79.03474878955316
283_HONOR-10_S.jpg,0.6893443766928476,0.705389109161446,0.8653346958841864,76.63970818561613,76.2269985861654,77.84091622539913
165_SAMSUNG-GALAXY-J3_S.jpg,0.822655101931011,0.7940844434846478,0.8796721624593369,79.0160454605961,77.73699249609821,78.82290115437394
202_HUAWEI-P20-LITE_S.jpg,0.796309896369367,0.8065000003507475,0.891882341637352,77.03137395107929,76.71132488474464,78.1230681564411
259_XIAOMI-REDMI-7_S.jpg,0.7862934752552585,0.7799903895992029,0.8682790339411947,77.60806949623901,76.98622003119412,78.53251402501942
12_SAMSUNG-GALAXY-J5_S.jpg,0.8188930957740629,0.7895608063176743,0.8865635417756667,79.49166430212222,78.12605869417575,80.06029441585153
157_NIKON-D3400-35MM_S.JPG,0.5367670390831566,0.5769940936527177,0.8867576379178423,75.13316349091413,75.12383580948327,77.33112143422974
90_HONOR-7X_S.jpg,0.8044316682808912,0.7931582619024281,0.8862297006955345,78.18665170098137,77.30711908169343,78.14088848558134
169_HONOR-7X_S.jpg,0.7642421250989037,0.7375513614358423,0.842168568313276,77.52177679742152,76.5071816074943,77.78771522702168
185_HONOR-6X_S.jpg,0.5835216655067346,0.6248764370841643,0.8932926478917094,75.78995711173047,75.71182861604795,78.79845264776239
263_XIAOMI-REDMI-3S_S.jpg,0.7569679358483694,0.7639407988135255,0.8986332675507324,77.67824648963158,77.30745875032136,79.01452541431894
261_HONOR-10_S.jpg,0.4853263539494444,0.5187177838844192,0.8737023535723182,75.1114227947401,74.98238804588019,77.69756879978313
27_HONOR-8X_S.jpg,0.7491465035704962,0.7112460142765565,0.8375744263616793,81.48625791679179,79.27877082025344,80.59254629199734
79_HUAWEI-P30-PRO_S.jpg,0.7642580621002231,0.7595936367470225,0.884556573687303,77.23251842712402,76.54551625347736,78.06507355061355
